candidate_id,education,experience,python,sql,excel,power_bi,statistics,machine_learning,tableau,communication,git,data_visualization,projects,internships,certifications,target_role,readiness_score,readiness_category,job_selected
C0001,BCA,2,1,1,0,0,0,1,1,1,0,1,3,1,1,Python Developer,57.58,Needs Improvement,0
C0002,MCA,0,1,0,0,1,1,0,1,0,0,1,3,2,3,Data Analyst,55.01,Needs Improvement,0
C0003,B.Sc,1,1,1,0,1,1,1,0,0,0,1,3,0,2,Data Analyst,51.91,Not Ready,0
C0004,BCA,0,1,1,0,1,0,1,1,1,1,1,5,2,3,Data Analyst,71.62,Needs Improvement,1
C0005,M.Tech,0,1,0,1,1,0,1,0,1,0,1,0,2,2,Business Analyst,47.77,Not Ready,1
C0006,B.Tech,1,1,1,1,1,1,1,1,0,1,1,4,2,3,Business Analyst,77.83,Ready,1
C0007,B.Sc,0,0,1,1,1,1,1,1,1,0,0,0,0,3,ML Engineer,52.95,Not Ready,1
C0008,MCA,0,0,1,1,1,1,1,0,0,1,0,3,1,2,Data Scientist,45.22,Not Ready,0
C0009,BCA,0,1,0,1,0,1,0,0,1,1,1,1,2,2,Data Analyst,50.02,Not Ready,1
C0010,BCA,0,1,1,0,1,0,0,0,1,1,0,4,0,0,Business Analyst,34.29,Not Ready,0
C0011,M.Tech,0,1,1,0,1,1,0,1,1,1,1,2,2,0,Data Analyst,62.85,Needs Improvement,1
C0012,BCA,0,1,1,0,0,1,1,0,0,1,1,1,0,2,Python Developer,39.34,Not Ready,0
C0013,B.Tech,0,1,1,0,1,1,1,1,0,0,1,4,2,0,Data Analyst,57.91,Needs Improvement,0
C0014,B.Sc,1,1,1,1,1,1,1,1,1,1,1,0,2,0,ML Engineer,74.27,Needs Improvement,1
C0015,B.E,0,1,1,1,0,1,0,0,1,1,1,0,0,3,Business Analyst,46.15,Not Ready,1
C0016,B.Sc,0,0,1,1,1,1,1,1,1,1,1,3,0,2,Python Developer,66.08,Needs Improvement,1
C0017,B.Sc,1,0,1,1,0,1,1,1,0,1,1,3,0,3,ML Engineer,55.09,Needs Improvement,0
C0018,MCA,0,0,1,1,1,1,1,0,0,1,1,2,1,1,Data Scientist,44.98,Not Ready,0
C0019,B.Tech,1,0,1,1,0,1,0,1,0,0,1,3,0,3,Business Analyst,49.54,Not Ready,0
C0020,BCA,0,1,1,0,0,1,1,1,0,0,0,2,0,0,ML Engineer,31.91,Not Ready,1
C0021,BCA,0,1,0,0,1,1,1,1,1,1,0,0,2,2,Python Developer,56.63,Needs Improvement,0
C0022,B.E,0,0,1,1,1,1,0,0,0,1,1,4,0,0,ML Engineer,44.6,Not Ready,1
C0023,MCA,0,1,0,1,1,0,0,0,0,1,1,3,1,1,ML Engineer,45.03,Not Ready,0
C0024,BCA,0,1,1,1,1,0,1,1,1,1,1,3,2,1,Data Analyst,62.88,Needs Improvement,1
C0025,BCA,0,1,1,1,1,1,1,1,1,1,1,3,0,4,Python Developer,83.44,Ready,0
C0026,M.Tech,0,0,1,0,0,1,0,1,0,0,1,4,2,4,Python Developer,53.18,Not Ready,1
C0027,B.Tech,1,0,0,1,1,1,1,1,1,0,1,4,0,4,Data Analyst,68.99,Needs Improvement,1
C0028,B.Sc,0,1,1,1,0,1,1,0,1,0,0,5,2,3,Business Analyst,61.32,Needs Improvement,0
C0029,B.E,0,1,0,0,1,1,1,1,0,1,0,1,0,2,ML Engineer,42.54,Not Ready,1
C0030,B.Sc,1,1,1,1,1,1,1,0,1,1,0,4,0,2,ML Engineer,59.49,Needs Improvement,1
C0031,B.Tech,1,0,1,1,1,1,1,1,1,0,0,5,2,4,ML Engineer,80.76,Ready,0
C0032,B.E,0,0,0,0,1,1,1,1,1,0,1,5,0,1,Python Developer,48.72,Not Ready,1
C0033,MCA,2,0,1,1,1,0,1,1,1,1,1,0,0,2,Data Analyst,59.15,Needs Improvement,1
C0034,B.Sc,0,1,1,1,1,0,0,1,1,1,0,0,2,0,Data Analyst,51.99,Not Ready,1
C0035,B.Tech,0,1,0,0,0,1,1,1,1,0,1,2,0,4,Data Analyst,42.84,Not Ready,0
C0036,M.Tech,1,1,0,1,1,1,1,1,1,1,0,5,0,4,ML Engineer,70.58,Needs Improvement,1
C0037,M.Tech,2,1,1,1,1,0,0,0,0,0,1,1,2,1,Data Scientist,55.29,Needs Improvement,1
C0038,B.E,0,1,0,1,1,0,1,1,1,1,1,5,1,2,Business Analyst,79.49,Ready,1
C0039,M.Tech,0,1,1,1,1,0,1,1,1,1,0,1,2,0,ML Engineer,56.31,Needs Improvement,1
C0040,MCA,0,1,1,0,1,1,1,0,1,0,0,0,2,2,Python Developer,50.96,Not Ready,0
C0041,BCA,0,1,1,1,0,0,0,0,0,0,0,0,0,0,Python Developer,15.97,Not Ready,0
C0042,B.E,1,0,0,0,0,1,1,1,0,1,0,3,0,0,Business Analyst,45.71,Not Ready,0
C0043,MCA,2,1,1,0,1,1,1,0,0,0,1,5,2,3,ML Engineer,66.76,Needs Improvement,1
C0044,B.E,0,1,0,0,1,0,0,0,0,0,1,3,0,3,Data Scientist,33.47,Not Ready,0
C0045,B.Sc,0,1,1,1,1,1,1,1,0,1,1,2,2,4,ML Engineer,67.37,Needs Improvement,1
C0046,B.Tech,0,0,0,0,0,0,0,0,1,0,1,4,2,1,Python Developer,22.97,Not Ready,1
C0047,BCA,2,0,1,1,1,1,1,1,1,1,0,1,1,3,Business Analyst,70.99,Needs Improvement,0
C0048,BCA,0,0,0,1,0,1,0,1,1,0,0,1,0,1,Python Developer,28.2,Not Ready,0
C0049,B.E,0,1,0,1,1,1,1,1,0,1,1,3,1,4,Business Analyst,66.58,Needs Improvement,0
C0050,B.Tech,0,1,1,1,0,1,1,1,1,1,0,2,2,1,Python Developer,61.97,Needs Improvement,0
C0051,B.Tech,1,1,1,1,1,1,0,1,1,0,1,1,1,4,Business Analyst,82.49,Ready,1
C0052,B.Sc,0,0,1,1,0,1,1,1,1,1,1,4,0,2,Data Analyst,59.71,Needs Improvement,1
C0053,M.Tech,0,1,1,1,0,1,1,1,1,1,1,4,2,3,Python Developer,81.55,Ready,1
C0054,MCA,1,1,1,1,0,0,0,1,1,1,1,5,2,3,Data Scientist,72.75,Needs Improvement,1
C0055,MCA,0,0,0,1,1,0,1,1,0,1,1,1,0,2,ML Engineer,42.48,Not Ready,0
C0056,M.Tech,2,1,1,0,1,1,0,1,1,1,1,4,2,0,ML Engineer,74.81,Needs Improvement,0
C0057,B.Tech,0,1,1,0,1,1,1,1,1,1,1,2,2,2,Data Analyst,68.45,Needs Improvement,0
C0058,BCA,0,1,1,1,1,0,1,0,1,0,1,3,2,4,Data Analyst,76.59,Ready,1
C0059,B.Tech,0,1,1,1,0,1,1,1,1,1,0,2,2,1,Data Scientist,68.39,Needs Improvement,0
C0060,M.Tech,0,1,1,0,0,1,1,1,0,1,1,3,1,4,Data Analyst,63.18,Needs Improvement,0
C0061,B.Tech,0,0,1,0,0,1,0,1,0,0,0,5,1,2,Python Developer,29.98,Not Ready,0
C0062,BCA,1,0,0,1,0,0,0,0,0,1,1,1,0,4,Python Developer,32.69,Not Ready,1
C0063,B.Sc,0,1,1,0,1,1,1,1,0,1,1,0,1,2,Data Analyst,67.52,Needs Improvement,1
C0064,B.E,0,0,1,1,0,0,1,1,1,0,0,2,1,1,ML Engineer,39.85,Not Ready,1
C0065,B.E,0,0,1,1,1,0,0,0,1,1,1,3,0,0,ML Engineer,47.52,Not Ready,1
C0066,B.E,2,1,1,1,0,0,1,0,1,0,1,2,0,2,Business Analyst,61.21,Needs Improvement,1
C0067,M.Tech,0,1,1,1,0,0,0,1,0,1,1,1,0,1,Data Scientist,39.59,Not Ready,1
C0068,MCA,0,1,1,1,1,1,0,0,0,1,0,3,2,4,Python Developer,57.79,Needs Improvement,1
C0069,B.Sc,2,0,1,1,0,1,1,1,1,1,1,5,0,1,Data Analyst,59.32,Needs Improvement,0
C0070,BCA,0,1,1,0,1,1,0,1,1,0,1,0,2,1,Business Analyst,54.42,Not Ready,1
C0071,MCA,0,1,1,0,1,0,1,0,0,0,1,1,2,3,Data Analyst,43.93,Not Ready,0
C0072,BCA,1,0,1,1,1,0,0,1,0,1,1,2,2,3,ML Engineer,62.38,Needs Improvement,0
C0073,M.Tech,0,0,1,1,0,1,0,0,1,1,0,4,1,1,Python Developer,40.75,Not Ready,1
C0074,B.E,0,0,0,1,1,1,1,0,1,1,0,5,2,2,ML Engineer,61.67,Needs Improvement,0
C0075,B.E,0,1,0,1,1,1,1,0,0,0,0,2,1,4,ML Engineer,48.67,Not Ready,0
C0076,M.Tech,2,1,1,1,0,1,1,1,0,1,0,4,2,0,Data Analyst,71.84,Needs Improvement,1
C0077,BCA,0,0,1,0,0,1,1,1,1,1,1,2,1,3,Business Analyst,51.43,Not Ready,0
C0078,MCA,0,1,1,0,1,1,0,1,1,1,1,1,2,4,ML Engineer,72.98,Needs Improvement,1
C0079,B.Tech,1,1,1,1,1,1,1,1,1,1,1,4,2,4,Data Scientist,89.02,Ready,1
C0080,B.Tech,0,1,0,0,1,0,1,1,1,0,0,5,2,0,Data Analyst,44.13,Not Ready,1
C0081,B.Tech,0,1,0,1,0,0,0,1,1,1,0,4,0,3,Python Developer,46.45,Not Ready,0
C0082,BCA,0,0,1,0,1,0,1,0,1,1,1,3,2,2,Python Developer,57.17,Needs Improvement,1
C0083,MCA,0,0,1,1,1,0,0,0,1,1,0,0,2,4,ML Engineer,48.3,Not Ready,0
C0084,B.Sc,0,0,1,1,0,1,0,1,1,1,1,5,2,0,ML Engineer,70.31,Needs Improvement,1
C0085,B.Sc,0,0,1,1,0,1,1,1,1,1,0,0,0,4,ML Engineer,47.32,Not Ready,0
C0086,B.Sc,1,1,1,0,0,1,1,1,1,0,0,3,0,0,Python Developer,46.4,Not Ready,0
C0087,M.Tech,0,0,1,0,1,0,0,1,1,1,0,4,0,0,Python Developer,33.98,Not Ready,0
C0088,M.Tech,2,1,1,0,0,1,0,1,0,0,1,1,0,1,Data Analyst,47.1,Not Ready,0
C0089,B.Tech,1,0,1,1,0,1,0,1,1,0,1,2,0,2,Business Analyst,49.92,Not Ready,1
C0090,M.Tech,0,1,1,0,1,1,1,1,1,1,1,3,1,1,Data Scientist,63.9,Needs Improvement,0
C0091,B.Sc,0,0,1,1,1,1,1,1,0,1,1,4,2,4,Business Analyst,66.48,Needs Improvement,1
C0092,BCA,0,1,0,1,1,1,0,1,0,0,0,3,0,4,Data Scientist,53.72,Not Ready,0
C0093,MCA,1,1,1,1,1,1,1,1,0,1,1,1,1,1,Business Analyst,58.86,Needs Improvement,0
C0094,B.Sc,0,1,1,1,1,0,1,1,1,1,1,1,2,4,ML Engineer,69.54,Needs Improvement,1
C0095,M.Tech,0,0,1,1,1,1,1,0,1,1,0,4,0,0,Python Developer,52.29,Not Ready,1
C0096,BCA,2,1,0,0,0,1,0,1,1,0,1,0,0,3,Python Developer,39.02,Not Ready,0
C0097,B.Tech,0,1,1,1,1,1,1,1,1,0,1,0,2,4,Python Developer,62.03,Needs Improvement,0
C0098,B.E,0,0,1,1,0,1,0,0,1,1,0,1,0,1,ML Engineer,22.38,Not Ready,0
C0099,B.Tech,0,0,1,0,1,0,0,0,1,1,0,4,0,4,ML Engineer,47.6,Not Ready,0
C0100,M.Tech,0,1,1,1,0,0,1,1,1,0,1,3,0,0,Business Analyst,44.77,Not Ready,0
C0101,M.Tech,0,1,0,1,1,0,1,1,1,1,1,0,2,3,Data Scientist,76.14,Ready,1
C0102,MCA,1,1,1,1,1,0,1,1,0,1,0,0,1,4,Business Analyst,53.53,Not Ready,0
C0103,BCA,0,1,1,1,0,1,0,1,1,1,1,1,1,3,ML Engineer,54.89,Not Ready,1
C0104,MCA,0,1,1,1,1,1,1,1,1,1,0,2,2,4,Python Developer,72.67,Needs Improvement,1
C0105,B.Tech,1,1,0,1,0,0,1,1,1,1,1,1,1,1,Data Scientist,55.22,Needs Improvement,0
C0106,B.Tech,2,1,1,0,1,1,0,0,1,0,1,3,1,0,Python Developer,54.65,Not Ready,1
C0107,MCA,0,1,1,1,1,0,0,1,1,1,1,0,1,2,ML Engineer,57.06,Needs Improvement,1
C0108,BCA,0,1,1,1,0,1,1,1,0,1,1,4,0,4,Business Analyst,61.11,Needs Improvement,0
C0109,BCA,0,1,0,1,0,0,0,1,1,1,1,0,0,2,Python Developer,31.09,Not Ready,0
C0110,M.Tech,0,1,1,0,0,0,1,0,0,0,1,3,0,0,Python Developer,22.01,Not Ready,0
C0111,B.E,1,0,1,0,1,1,0,1,0,0,1,5,0,2,Data Scientist,41.38,Not Ready,0
C0112,M.Tech,0,1,0,1,1,1,0,1,1,1,0,3,2,4,Python Developer,64.91,Needs Improvement,1
C0113,B.Sc,0,1,1,1,1,1,1,0,1,0,1,5,1,4,Python Developer,72.5,Needs Improvement,1
C0114,B.Tech,0,0,1,0,0,1,1,0,1,1,0,5,2,3,ML Engineer,56.84,Needs Improvement,0
C0115,BCA,0,1,0,1,1,1,1,1,1,0,0,4,2,1,Business Analyst,69.22,Needs Improvement,1
C0116,B.E,0,1,1,1,1,1,0,1,0,1,1,3,2,2,Data Analyst,74.14,Needs Improvement,1
C0117,M.Tech,0,1,0,0,0,1,1,1,1,0,1,1,0,3,ML Engineer,41.83,Not Ready,0
C0118,B.Sc,0,1,0,0,1,1,0,1,0,1,1,2,0,2,ML Engineer,35.03,Not Ready,1
C0119,B.Tech,1,0,0,1,1,1,0,0,0,0,1,5,2,1,ML Engineer,51.67,Not Ready,0
C0120,BCA,0,1,1,1,1,0,1,1,0,0,1,5,2,4,Data Scientist,70.5,Needs Improvement,1
C0121,B.E,0,1,0,1,1,0,0,0,1,0,1,4,2,4,Data Scientist,56.21,Needs Improvement,1
C0122,M.Tech,0,0,1,1,1,1,1,1,1,1,1,0,0,0,Data Scientist,46.01,Not Ready,1
C0123,BCA,0,0,1,0,1,1,1,1,1,0,1,4,2,4,Python Developer,67.23,Needs Improvement,0
C0124,B.Tech,0,0,0,1,1,1,0,0,1,1,1,3,2,3,Business Analyst,57.57,Needs Improvement,0
C0125,B.Sc,0,0,0,1,1,0,0,0,1,0,1,0,0,1,Data Scientist,21.32,Not Ready,0
C0126,B.Sc,0,1,1,1,1,0,1,1,0,1,1,4,2,3,Data Scientist,74.54,Needs Improvement,1
C0127,B.Sc,0,0,1,0,1,1,1,0,0,1,1,2,1,0,ML Engineer,45.8,Not Ready,1
C0128,B.Sc,1,0,1,0,1,1,0,1,1,1,0,2,1,2,Data Analyst,49.45,Not Ready,1
C0129,M.Tech,0,1,0,1,0,1,1,0,0,1,1,0,2,2,ML Engineer,54.36,Not Ready,1
C0130,M.Tech,1,1,1,0,1,0,0,1,1,0,1,1,1,2,Data Analyst,46.1,Not Ready,0
C0131,B.E,1,1,1,1,1,1,1,1,1,1,0,0,1,4,Data Analyst,61.41,Needs Improvement,0
C0132,BCA,0,0,0,1,1,1,1,1,1,1,1,4,1,4,Data Scientist,72.9,Needs Improvement,1
C0133,M.Tech,0,0,1,1,1,1,1,0,0,1,0,1,1,1,Business Analyst,39.41,Not Ready,0
C0134,BCA,1,1,0,0,0,1,1,1,1,1,0,0,2,0,Data Scientist,49.61,Not Ready,1
C0135,BCA,0,1,1,1,0,0,1,1,0,1,1,3,2,0,Data Scientist,45.48,Not Ready,0
C0136,MCA,0,1,0,0,0,1,0,1,0,1,0,5,1,2,ML Engineer,53.96,Not Ready,1
C0137,MCA,0,1,1,1,1,1,0,1,1,1,0,0,1,3,Python Developer,59.86,Needs Improvement,1
C0138,BCA,0,1,1,0,0,0,0,0,0,1,1,5,2,1,Data Analyst,42.0,Not Ready,1
C0139,MCA,0,0,1,0,1,1,0,0,1,0,0,2,2,4,Data Scientist,40.61,Not Ready,0
C0140,B.E,0,0,1,1,0,1,0,1,1,1,1,0,0,0,Data Analyst,46.86,Not Ready,0
C0141,B.E,1,1,0,1,1,1,0,1,1,1,1,1,1,1,Data Analyst,55.81,Needs Improvement,1
C0142,B.E,0,1,1,1,1,1,1,1,0,1,1,1,2,2,Data Analyst,63.33,Needs Improvement,1
C0143,MCA,0,0,1,1,0,1,1,1,0,1,1,1,0,1,Data Analyst,32.67,Not Ready,0
C0144,M.Tech,0,0,1,1,1,1,1,0,1,0,0,3,0,3,ML Engineer,47.75,Not Ready,0
C0145,MCA,0,1,0,1,1,1,1,0,1,1,1,2,1,0,Python Developer,53.86,Not Ready,0
C0146,B.Tech,0,1,1,1,0,1,1,1,0,1,0,0,2,4,ML Engineer,62.08,Needs Improvement,1
C0147,MCA,1,0,1,1,1,0,1,0,0,1,0,5,0,2,ML Engineer,45.5,Not Ready,0
C0148,BCA,1,1,1,1,0,1,1,1,1,1,1,3,1,1,ML Engineer,63.4,Needs Improvement,1
C0149,BCA,1,0,0,0,0,1,1,1,1,1,1,2,1,2,Business Analyst,56.25,Needs Improvement,1
C0150,B.Tech,0,1,0,1,0,0,1,0,1,0,1,3,1,0,ML Engineer,46.53,Not Ready,0
C0151,B.Sc,1,1,1,1,0,1,0,1,1,1,0,2,2,1,Python Developer,54.14,Not Ready,1
C0152,MCA,0,1,1,0,1,0,1,1,0,1,0,2,2,1,Business Analyst,56.91,Needs Improvement,1
C0153,B.Tech,1,1,1,1,1,1,1,1,0,0,0,0,1,0,Data Analyst,48.69,Not Ready,1
C0154,BCA,0,1,0,0,1,0,1,1,1,1,1,4,1,0,Python Developer,60.96,Needs Improvement,1
C0155,B.Sc,0,1,1,1,0,0,1,1,1,0,1,1,0,4,Python Developer,51.15,Not Ready,0
C0156,M.Tech,0,1,1,1,1,1,1,1,1,0,1,3,1,3,ML Engineer,58.39,Needs Improvement,0
C0157,B.Sc,1,1,1,1,1,1,0,0,1,1,0,2,1,0,Data Analyst,53.74,Not Ready,0
C0158,MCA,0,1,1,1,1,1,1,1,0,1,1,0,1,4,ML Engineer,69.8,Needs Improvement,0
C0159,B.Tech,0,1,0,0,1,0,1,1,1,1,0,2,1,2,Business Analyst,44.53,Not Ready,1
C0160,MCA,2,0,1,1,1,1,0,1,0,1,1,4,0,2,ML Engineer,63.56,Needs Improvement,0
C0161,B.Tech,0,1,0,1,1,1,0,1,1,0,0,0,2,1,ML Engineer,44.62,Not Ready,0
C0162,B.Tech,0,1,1,1,0,0,0,0,1,1,1,2,1,1,Data Analyst,32.0,Not Ready,0
C0163,B.Tech,0,0,1,1,0,0,1,0,1,1,1,5,2,1,Python Developer,68.86,Needs Improvement,1
C0164,B.Sc,0,1,1,1,0,1,1,1,1,0,1,1,2,0,Python Developer,52.49,Not Ready,0
C0165,BCA,1,1,0,1,0,1,0,0,0,1,1,2,2,2,Business Analyst,56.03,Needs Improvement,1
C0166,B.Tech,0,1,1,1,1,1,0,0,1,0,1,2,2,4,Python Developer,64.07,Needs Improvement,0
C0167,B.E,0,0,1,0,0,1,1,0,1,0,1,4,2,3,Data Scientist,63.29,Needs Improvement,1
C0168,BCA,0,0,1,0,0,1,1,1,1,1,0,4,2,2,Business Analyst,62.03,Needs Improvement,1
C0169,B.E,1,1,0,1,1,0,1,1,0,1,1,4,2,1,Business Analyst,66.83,Needs Improvement,1
C0170,BCA,0,1,1,1,1,1,0,1,0,1,1,2,2,2,ML Engineer,60.53,Needs Improvement,1
C0171,B.E,1,1,1,0,1,0,1,0,1,1,0,2,1,3,Python Developer,60.49,Needs Improvement,0
C0172,BCA,1,1,1,0,0,1,1,1,1,1,1,5,2,1,Python Developer,67.13,Needs Improvement,0
C0173,B.Sc,0,1,1,1,1,0,0,1,0,0,0,2,2,4,ML Engineer,56.73,Needs Improvement,1
C0174,M.Tech,0,1,1,1,0,1,1,1,1,1,0,2,1,0,Business Analyst,49.5,Not Ready,1
C0175,B.Sc,0,1,0,0,0,0,1,0,0,1,1,0,2,0,Python Developer,38.26,Not Ready,0
C0176,B.Sc,0,0,1,0,1,1,0,0,0,1,1,1,0,4,Business Analyst,41.31,Not Ready,0
C0177,B.Sc,1,1,0,1,0,1,0,1,1,0,1,2,2,2,ML Engineer,62.22,Needs Improvement,1
C0178,MCA,1,1,0,0,0,1,1,0,1,1,1,3,1,3,Python Developer,59.91,Needs Improvement,1
C0179,B.E,0,1,1,1,1,1,0,1,0,1,0,1,1,2,Data Analyst,42.74,Not Ready,0
C0180,BCA,0,0,0,1,1,1,1,1,1,0,1,4,2,0,Data Analyst,56.2,Needs Improvement,0
C0181,B.Sc,0,1,0,1,1,1,1,1,1,0,1,1,0,0,Python Developer,50.36,Not Ready,1
C0182,B.Sc,1,1,0,0,1,0,0,0,1,1,0,3,2,2,Python Developer,51.83,Not Ready,1
C0183,MCA,0,1,1,1,1,1,0,1,1,0,1,1,0,4,Python Developer,62.9,Needs Improvement,0
C0184,B.E,0,1,1,1,0,1,1,0,0,1,1,3,1,3,Python Developer,62.02,Needs Improvement,0
C0185,MCA,1,1,1,0,0,1,1,1,1,0,1,4,0,1,Data Analyst,53.17,Not Ready,1
C0186,BCA,2,0,1,0,1,0,1,1,0,1,1,3,2,0,Python Developer,58.02,Needs Improvement,1
C0187,B.E,1,1,0,1,1,0,1,0,0,1,0,0,1,3,Business Analyst,45.51,Not Ready,0
C0188,MCA,0,1,1,0,1,1,1,1,1,0,0,0,0,1,Data Scientist,29.43,Not Ready,1
C0189,BCA,0,0,1,1,1,0,1,1,1,1,1,0,2,1,Python Developer,64.87,Needs Improvement,1
C0190,B.E,1,1,0,0,1,1,1,0,1,1,1,5,1,3,Data Analyst,73.21,Needs Improvement,1
C0191,B.Tech,1,1,1,1,0,0,1,0,1,1,1,5,0,1,Data Scientist,67.14,Needs Improvement,1
C0192,M.Tech,0,0,0,1,0,0,1,1,1,1,0,5,0,3,Business Analyst,42.1,Not Ready,0
C0193,BCA,2,1,1,1,0,1,1,0,1,1,0,2,0,2,ML Engineer,65.72,Needs Improvement,1
C0194,B.E,1,1,1,1,1,1,1,0,0,1,1,3,1,4,Python Developer,84.16,Ready,1
C0195,B.Tech,1,1,1,1,1,0,1,0,1,1,0,2,0,4,Business Analyst,52.9,Not Ready,1
C0196,BCA,1,0,0,1,1,1,0,1,1,1,1,2,2,0,Business Analyst,63.36,Needs Improvement,1
C0197,B.E,0,1,0,1,1,1,0,0,1,0,1,2,0,0,ML Engineer,39.01,Not Ready,1
C0198,B.E,2,0,1,0,1,1,1,1,0,1,0,1,0,4,Python Developer,48.28,Not Ready,0
C0199,B.E,1,1,0,0,0,1,0,1,1,0,1,0,2,2,ML Engineer,49.96,Not Ready,0
C0200,BCA,1,1,1,0,1,1,0,1,0,0,1,0,0,0,Python Developer,42.17,Not Ready,1
C0201,M.Tech,0,1,0,0,0,1,1,0,0,0,1,3,2,0,ML Engineer,37.99,Not Ready,0
C0202,MCA,0,0,0,1,1,0,1,1,1,1,1,4,1,4,Data Analyst,71.33,Needs Improvement,1
C0203,B.Sc,0,1,0,0,1,0,1,1,1,1,1,2,0,4,Data Analyst,46.17,Not Ready,0
C0204,B.Tech,1,0,1,1,0,0,0,1,0,0,1,0,0,1,Business Analyst,22.03,Not Ready,0
C0205,B.Tech,0,0,0,1,1,1,1,1,1,1,1,3,1,0,Business Analyst,58.68,Needs Improvement,0
C0206,B.Sc,1,0,1,1,1,0,1,1,1,1,0,0,0,2,ML Engineer,48.63,Not Ready,1
C0207,M.Tech,0,1,0,1,0,0,0,1,1,1,0,2,1,2,Business Analyst,39.92,Not Ready,1
C0208,B.E,0,0,0,0,1,0,1,1,1,1,1,2,0,1,Data Analyst,45.55,Not Ready,0
C0209,B.Sc,1,0,0,1,1,1,1,0,1,1,1,3,0,1,Data Scientist,57.65,Needs Improvement,1
C0210,B.Tech,2,0,1,0,1,0,1,1,1,1,0,3,2,2,Business Analyst,71.29,Needs Improvement,1
C0211,B.E,0,1,1,1,1,0,1,0,1,0,1,3,2,3,Business Analyst,64.38,Needs Improvement,1
C0212,B.E,0,0,1,0,1,1,1,0,0,1,1,0,2,1,Data Analyst,48.51,Not Ready,0
C0213,B.E,0,0,1,0,1,1,1,0,1,1,1,0,2,0,Data Scientist,46.27,Not Ready,0
C0214,BCA,1,1,1,0,1,1,1,0,1,0,1,3,0,2,Data Analyst,67.77,Needs Improvement,1
C0215,B.Sc,0,1,1,1,0,1,0,0,1,1,0,0,0,4,Business Analyst,38.94,Not Ready,0
C0216,B.E,0,1,1,1,1,0,1,1,1,1,1,4,1,2,Data Scientist,82.03,Ready,1
C0217,M.Tech,1,1,1,0,1,1,1,1,0,1,1,0,1,2,ML Engineer,59.17,Needs Improvement,1
C0218,B.E,0,0,1,1,1,1,1,0,1,0,1,0,0,3,ML Engineer,39.12,Not Ready,0
C0219,B.Sc,0,1,0,1,1,1,0,0,0,0,0,4,1,2,ML Engineer,50.84,Not Ready,1
C0220,BCA,0,1,0,1,1,1,0,1,0,1,1,5,2,4,Python Developer,74.13,Needs Improvement,1
C0221,M.Tech,0,1,1,1,0,1,1,1,0,1,1,0,2,2,Data Analyst,63.26,Needs Improvement,1
C0222,M.Tech,0,1,1,1,1,1,1,1,1,1,1,5,1,0,Data Analyst,81.12,Ready,0
C0223,M.Tech,0,1,0,1,0,0,1,1,0,0,1,2,1,3,Business Analyst,47.69,Not Ready,1
C0224,MCA,0,1,1,1,1,1,0,0,1,1,0,4,0,4,ML Engineer,57.54,Needs Improvement,0
C0225,MCA,0,1,1,0,1,1,1,1,1,1,1,2,0,2,ML Engineer,65.38,Needs Improvement,0
C0226,MCA,0,1,1,1,1,1,1,1,0,0,0,5,0,2,Business Analyst,58.5,Needs Improvement,1
C0227,B.E,0,1,0,1,1,0,0,0,0,1,0,3,2,3,Python Developer,51.93,Not Ready,0
C0228,B.Tech,2,1,1,1,0,1,0,1,0,1,1,5,2,3,Python Developer,70.23,Needs Improvement,1
C0229,B.Sc,1,1,0,0,1,1,0,1,1,1,0,0,1,1,ML Engineer,47.73,Not Ready,1
C0230,MCA,0,1,1,0,0,1,1,1,0,1,0,2,0,1,Python Developer,38.31,Not Ready,0
C0231,B.E,0,1,0,1,1,0,0,0,0,0,1,3,1,3,Business Analyst,51.77,Not Ready,0
C0232,B.Tech,0,0,1,1,1,1,1,1,1,1,0,5,0,3,ML Engineer,69.62,Needs Improvement,1
C0233,B.E,0,1,1,0,1,1,1,1,1,1,1,0,0,4,ML Engineer,60.7,Needs Improvement,1
C0234,MCA,1,1,1,1,1,1,0,1,1,1,1,1,1,2,Data Analyst,69.93,Needs Improvement,1
C0235,M.Tech,1,1,1,1,1,1,1,0,1,1,0,4,0,2,Python Developer,61.01,Needs Improvement,1
C0236,B.Sc,0,1,1,0,1,0,0,1,1,1,0,2,1,2,Business Analyst,57.12,Needs Improvement,1
C0237,MCA,1,1,1,1,1,1,1,1,0,1,1,5,1,3,ML Engineer,91.96,Ready,1
C0238,B.Sc,0,1,1,1,1,1,1,1,1,1,1,2,0,3,ML Engineer,70.46,Needs Improvement,1
C0239,B.Tech,0,1,0,1,1,1,1,0,0,1,1,5,1,1,Python Developer,68.95,Needs Improvement,1
C0240,B.E,1,1,1,1,1,1,1,1,1,0,1,5,1,3,Data Scientist,79.15,Ready,1
C0241,B.Sc,0,1,0,0,1,0,1,1,1,1,0,4,2,2,ML Engineer,56.01,Needs Improvement,0
C0242,B.Tech,2,0,1,1,1,1,1,0,0,0,1,0,0,1,ML Engineer,45.7,Not Ready,0
C0243,B.Sc,0,1,1,0,1,0,1,0,1,1,1,0,2,2,ML Engineer,55.67,Needs Improvement,1
C0244,M.Tech,0,1,1,1,0,1,0,1,1,0,1,5,1,2,Python Developer,61.53,Needs Improvement,1
C0245,M.Tech,1,0,1,1,0,1,0,1,0,1,0,0,2,1,ML Engineer,47.69,Not Ready,0
C0246,B.E,0,1,1,1,1,1,0,1,1,1,1,3,1,2,ML Engineer,70.03,Needs Improvement,1
C0247,B.E,0,1,1,1,1,0,1,0,1,1,1,4,0,0,Data Analyst,51.01,Not Ready,1
C0248,MCA,0,1,1,1,1,1,1,1,0,0,1,4,1,2,Python Developer,68.59,Needs Improvement,0
C0249,B.Sc,0,1,0,1,1,1,0,1,1,1,0,0,2,4,ML Engineer,62.82,Needs Improvement,1
C0250,M.Tech,2,0,0,1,1,1,1,1,1,0,1,0,1,3,Data Analyst,61.86,Needs Improvement,1
C0251,B.Tech,0,0,1,1,0,0,0,0,1,1,1,0,0,1,Data Scientist,35.76,Not Ready,1
C0252,B.Tech,1,1,1,1,1,1,1,0,1,0,1,3,1,3,ML Engineer,64.41,Needs Improvement,1
C0253,BCA,0,1,1,1,1,1,0,0,1,1,1,2,1,3,Data Analyst,64.84,Needs Improvement,1
C0254,B.Sc,1,1,1,0,1,0,1,1,1,1,0,4,0,2,Data Analyst,54.65,Not Ready,0
C0255,B.Tech,0,0,0,1,1,1,0,1,1,0,1,4,2,3,Python Developer,56.93,Needs Improvement,1
C0256,M.Tech,0,0,1,0,1,1,1,1,0,0,0,2,0,1,Data Scientist,32.85,Not Ready,1
C0257,B.Tech,2,0,1,1,0,0,0,1,0,1,1,1,2,1,Data Scientist,48.29,Not Ready,1
C0258,B.Tech,1,1,1,1,1,1,0,0,0,1,1,1,2,1,Python Developer,56.26,Needs Improvement,0
C0259,BCA,2,0,1,0,0,0,0,1,1,0,1,0,1,4,Data Scientist,45.93,Not Ready,0
C0260,B.E,0,1,1,1,1,1,0,0,0,1,0,2,1,2,Data Scientist,53.19,Not Ready,1
C0261,B.E,0,0,1,1,0,1,1,0,1,0,0,1,0,3,Business Analyst,36.39,Not Ready,0
C0262,M.Tech,1,0,1,1,1,1,0,1,1,0,1,1,2,3,Data Analyst,56.07,Needs Improvement,1
C0263,BCA,0,0,1,1,0,1,1,1,0,1,1,5,2,0,Data Analyst,69.2,Needs Improvement,1
C0264,M.Tech,0,0,1,1,1,0,1,1,1,1,1,4,2,3,ML Engineer,69.31,Needs Improvement,1
C0265,M.Tech,0,1,1,1,0,0,1,1,0,1,1,3,2,2,Business Analyst,62.21,Needs Improvement,1
C0266,BCA,1,1,0,1,1,0,0,1,1,1,1,3,0,1,ML Engineer,57.23,Needs Improvement,1
C0267,M.Tech,0,0,1,0,1,0,1,1,0,1,1,0,2,4,Data Scientist,54.0,Not Ready,0
C0268,BCA,2,1,1,1,1,1,1,1,1,1,0,4,1,1,ML Engineer,84.47,Ready,1
C0269,M.Tech,0,1,1,1,0,1,0,1,0,1,1,1,2,2,Data Analyst,58.9,Needs Improvement,1
C0270,BCA,0,0,0,1,1,1,0,1,1,1,1,0,2,0,Data Scientist,44.19,Not Ready,1
C0271,B.Tech,0,0,0,1,1,1,1,1,0,1,1,1,1,1,Data Analyst,59.89,Needs Improvement,1
C0272,M.Tech,0,0,0,1,1,0,0,0,1,1,0,5,1,3,Data Analyst,50.47,Not Ready,1
C0273,B.E,2,0,1,0,1,1,1,1,0,0,1,3,0,3,Data Scientist,58.76,Needs Improvement,0
C0274,B.E,0,1,0,1,1,1,0,1,1,1,0,3,0,4,Data Scientist,62.32,Needs Improvement,1
C0275,BCA,0,0,1,0,0,1,0,1,1,0,1,5,2,4,Data Scientist,63.75,Needs Improvement,0
C0276,MCA,1,1,0,0,0,1,1,1,0,0,1,1,0,2,ML Engineer,42.5,Not Ready,1
C0277,BCA,1,1,0,0,1,0,1,1,1,1,1,3,2,2,ML Engineer,79.96,Ready,1
C0278,M.Tech,1,0,0,1,0,1,1,1,1,1,1,2,2,4,Data Scientist,68.12,Needs Improvement,1
C0279,B.Sc,0,1,0,1,1,0,1,1,1,1,1,1,2,1,Python Developer,57.91,Needs Improvement,1
C0280,B.Tech,1,1,0,0,1,0,1,0,0,1,1,4,2,3,Business Analyst,62.58,Needs Improvement,1
C0281,B.E,1,1,1,0,0,1,0,0,1,1,0,0,1,1,ML Engineer,45.36,Not Ready,1
C0282,M.Tech,0,1,1,0,1,0,1,1,0,1,0,0,1,3,Python Developer,37.97,Not Ready,0
C0283,B.E,0,1,0,0,1,1,0,1,1,1,1,1,1,4,Data Scientist,46.67,Not Ready,1
C0284,M.Tech,1,1,0,1,1,1,1,1,1,0,1,3,1,2,ML Engineer,65.06,Needs Improvement,1
C0285,B.Sc,0,1,0,0,1,0,1,1,1,0,0,3,0,0,Python Developer,28.33,Not Ready,0
C0286,B.E,0,1,1,0,0,1,0,0,1,0,0,4,2,3,Business Analyst,49.38,Not Ready,0
C0287,MCA,0,0,1,1,1,1,0,0,0,0,0,5,2,4,Data Scientist,59.51,Needs Improvement,1
C0288,B.Sc,1,1,0,1,0,1,1,1,1,1,1,4,2,3,Python Developer,74.05,Needs Improvement,1
C0289,BCA,1,1,1,1,1,1,0,0,0,1,1,5,2,2,Python Developer,66.37,Needs Improvement,1
C0290,B.E,0,0,0,0,1,1,1,1,1,0,0,1,2,2,Data Scientist,45.85,Not Ready,0
C0291,B.Sc,0,1,1,1,0,1,1,0,1,0,1,3,0,3,Data Scientist,59.31,Needs Improvement,0
C0292,M.Tech,0,1,1,0,0,0,1,1,0,1,1,0,2,1,Business Analyst,37.03,Not Ready,1
C0293,BCA,2,0,0,1,1,1,0,0,1,0,1,0,2,3,ML Engineer,59.1,Needs Improvement,1
C0294,MCA,0,1,1,1,1,1,1,0,1,1,1,1,0,0,Data Scientist,56.59,Needs Improvement,0
C0295,B.E,0,1,0,1,0,0,1,0,1,1,0,5,1,0,ML Engineer,52.27,Not Ready,1
C0296,B.Sc,0,0,0,1,1,1,0,0,1,1,1,3,0,0,Data Scientist,48.09,Not Ready,0
C0297,B.Tech,1,0,1,1,1,1,0,1,0,1,1,4,1,3,Business Analyst,79.01,Ready,1
C0298,MCA,0,1,0,1,0,1,1,0,1,0,0,2,1,4,Data Scientist,46.72,Not Ready,1
C0299,BCA,0,0,0,0,1,1,1,1,0,1,0,3,0,1,ML Engineer,39.55,Not Ready,0
C0300,M.Tech,0,1,1,1,0,0,1,0,1,0,1,1,0,4,ML Engineer,43.92,Not Ready,0
C0301,B.E,0,1,1,1,1,0,0,1,0,1,1,5,0,4,Business Analyst,63.51,Needs Improvement,1
C0302,B.Sc,0,1,0,1,0,0,1,1,1,1,1,0,2,1,Data Analyst,58.66,Needs Improvement,1
C0303,M.Tech,0,1,0,1,1,0,0,0,0,0,1,0,0,2,ML Engineer,20.27,Not Ready,0
C0304,B.Sc,0,1,0,0,1,0,0,0,1,1,1,3,0,3,Data Analyst,39.69,Not Ready,0
C0305,B.E,0,1,1,1,0,1,0,0,1,0,1,4,1,3,ML Engineer,64.39,Needs Improvement,1
C0306,B.E,0,1,1,0,1,1,1,1,1,1,1,5,2,1,Python Developer,82.1,Ready,1
C0307,BCA,0,1,1,1,1,0,1,0,1,1,1,3,1,3,Business Analyst,63.68,Needs Improvement,0
C0308,BCA,2,0,1,1,1,0,1,1,0,1,1,5,0,2,Data Scientist,72.77,Needs Improvement,0
C0309,B.Tech,1,0,0,0,0,1,0,1,0,1,0,4,0,0,ML Engineer,35.21,Not Ready,0
C0310,B.E,0,0,1,0,1,0,1,0,0,1,1,4,1,4,Business Analyst,62.0,Needs Improvement,1
C0311,M.Tech,0,0,1,0,0,1,1,0,0,1,0,0,1,2,Data Scientist,32.37,Not Ready,0
C0312,B.Tech,0,1,1,1,0,0,0,0,0,1,1,0,0,4,ML Engineer,42.63,Not Ready,0
C0313,B.E,0,1,0,1,1,1,1,0,1,1,1,0,0,0,Data Scientist,57.21,Needs Improvement,1
C0314,BCA,0,0,1,1,1,1,1,1,0,1,0,0,2,0,ML Engineer,51.49,Not Ready,1
C0315,B.Sc,0,0,1,1,1,0,1,1,0,1,0,4,2,4,Data Scientist,65.25,Needs Improvement,1
C0316,B.Sc,1,0,0,0,0,0,1,1,1,1,1,2,1,2,Python Developer,52.11,Not Ready,0
C0317,MCA,0,1,0,0,1,1,1,1,1,1,0,5,2,2,Data Analyst,66.67,Needs Improvement,1
C0318,B.Tech,2,0,1,0,1,1,1,1,1,1,0,5,1,4,Data Analyst,90.44,Ready,1
C0319,B.Tech,1,0,0,0,0,0,0,1,0,1,0,2,2,3,Business Analyst,40.4,Not Ready,0
C0320,B.Tech,2,1,0,1,1,1,0,1,1,0,0,0,2,2,Data Scientist,56.64,Needs Improvement,0
C0321,MCA,0,1,1,0,1,1,1,1,1,1,1,4,0,0,Python Developer,57.32,Needs Improvement,0
C0322,BCA,0,1,1,0,1,1,1,0,0,1,0,4,1,3,Data Analyst,62.99,Needs Improvement,0
C0323,MCA,2,1,1,0,1,1,1,1,1,0,1,5,1,0,ML Engineer,78.34,Ready,1
C0324,M.Tech,1,1,1,1,1,1,1,1,0,0,0,3,0,1,Data Analyst,52.51,Not Ready,0
C0325,B.Tech,0,1,0,0,0,1,0,0,1,1,1,4,1,2,Data Analyst,52.38,Not Ready,1
C0326,B.E,1,0,1,0,0,0,1,1,0,1,1,5,1,1,Data Scientist,47.46,Not Ready,0
C0327,B.Tech,0,1,0,1,1,1,1,1,0,1,1,2,2,1,Data Scientist,63.42,Needs Improvement,1
C0328,M.Tech,0,1,1,1,0,1,0,0,1,0,1,3,2,0,Data Analyst,54.26,Not Ready,0
C0329,B.Tech,0,0,0,1,0,1,1,1,1,1,0,1,0,1,Data Scientist,47.04,Not Ready,0
C0330,B.Tech,0,1,1,1,1,0,0,0,1,0,1,5,0,0,Business Analyst,44.15,Not Ready,0
C0331,B.Tech,0,1,0,1,0,1,1,1,1,1,1,3,0,3,Data Scientist,54.11,Not Ready,1
C0332,M.Tech,2,1,1,1,1,0,1,1,1,1,1,4,1,2,Data Scientist,77.02,Ready,1
C0333,M.Tech,0,0,0,1,1,1,0,0,1,1,0,1,0,4,Data Scientist,33.82,Not Ready,0
C0334,B.Sc,0,0,0,1,1,1,1,1,0,0,0,5,2,1,Data Scientist,61.68,Needs Improvement,1
C0335,B.E,1,1,0,1,1,1,1,1,1,1,1,3,0,2,Data Scientist,76.24,Ready,0
C0336,B.E,0,0,1,0,1,0,1,0,0,1,0,5,0,4,Data Analyst,48.6,Not Ready,1
C0337,B.Tech,0,1,1,0,1,0,0,1,1,1,0,1,2,4,Data Scientist,62.11,Needs Improvement,0
C0338,MCA,1,1,0,1,0,1,0,0,1,1,1,3,0,4,Business Analyst,57.67,Needs Improvement,1
C0339,BCA,0,1,1,1,0,1,1,1,1,1,1,0,0,2,Business Analyst,54.02,Not Ready,0
C0340,B.Tech,1,1,1,1,1,1,1,1,1,0,1,1,0,3,Python Developer,63.33,Needs Improvement,0
C0341,B.Tech,0,0,1,1,0,1,0,1,1,1,1,0,1,3,Data Analyst,49.45,Not Ready,1
C0342,MCA,0,1,1,1,1,0,0,1,0,1,0,1,2,2,Python Developer,43.26,Not Ready,1
C0343,B.E,1,1,0,1,1,1,0,0,1,1,0,2,1,3,Business Analyst,57.82,Needs Improvement,1
C0344,MCA,0,1,1,0,1,0,1,1,1,0,0,4,0,0,Business Analyst,44.8,Not Ready,0
C0345,M.Tech,1,1,1,1,1,1,1,0,0,1,0,5,2,2,Data Analyst,77.23,Ready,1
C0346,BCA,0,0,1,1,1,1,0,0,1,0,0,2,2,0,Python Developer,43.97,Not Ready,0
C0347,B.Tech,0,0,0,1,1,0,1,1,1,1,1,5,0,3,Data Scientist,60.19,Needs Improvement,1
C0348,M.Tech,2,1,1,0,1,0,1,0,1,0,1,1,1,2,Data Scientist,51.64,Not Ready,1
C0349,MCA,0,1,0,1,1,0,0,1,0,0,1,3,1,1,Data Scientist,44.36,Not Ready,1
C0350,B.Tech,0,0,0,1,0,0,1,1,0,1,0,2,2,1,ML Engineer,44.19,Not Ready,1
C0351,M.Tech,1,1,1,1,0,1,1,1,1,1,0,0,1,2,Data Scientist,53.28,Not Ready,1
C0352,MCA,0,0,0,0,0,1,0,0,1,0,0,2,0,2,Data Scientist,22.44,Not Ready,0
C0353,B.Sc,0,1,1,1,1,1,1,0,1,1,0,5,0,4,ML Engineer,70.17,Needs Improvement,0
C0354,MCA,0,1,0,0,1,1,1,1,0,1,0,5,0,3,Business Analyst,51.91,Not Ready,1
C0355,BCA,0,0,0,1,0,1,0,0,0,1,1,4,1,0,Python Developer,36.06,Not Ready,0
C0356,BCA,0,0,0,1,1,1,1,0,1,0,1,4,1,2,Data Scientist,56.15,Needs Improvement,0
C0357,M.Tech,0,0,1,1,1,0,1,1,0,1,0,3,1,3,Data Scientist,48.83,Not Ready,1
C0358,BCA,2,1,1,1,1,0,1,0,0,1,1,0,2,4,Data Scientist,70.25,Needs Improvement,1
C0359,BCA,0,0,0,1,0,1,1,0,1,1,0,0,1,3,Data Analyst,35.52,Not Ready,1
C0360,B.Sc,0,1,0,1,1,0,1,1,1,1,1,3,1,0,ML Engineer,63.31,Needs Improvement,1
C0361,B.Sc,0,1,1,1,1,0,1,1,0,1,1,3,2,1,ML Engineer,77.19,Ready,0
C0362,BCA,0,1,1,0,1,1,0,0,0,0,1,4,2,0,Python Developer,45.2,Not Ready,0
C0363,MCA,0,1,0,1,1,0,1,1,1,1,0,0,0,4,ML Engineer,51.17,Not Ready,1
C0364,B.Tech,0,1,0,1,1,1,0,1,0,1,1,4,2,0,Python Developer,56.87,Needs Improvement,1
C0365,B.E,0,1,1,1,1,1,0,1,0,1,1,4,0,1,Data Analyst,63.7,Needs Improvement,0
C0366,MCA,1,1,1,1,1,1,1,1,0,0,0,1,0,2,ML Engineer,45.17,Not Ready,0
C0367,MCA,0,1,1,1,1,1,1,1,1,0,1,5,2,0,ML Engineer,76.9,Ready,1
C0368,B.E,0,1,1,1,0,1,1,1,1,0,1,5,0,1,Data Scientist,57.14,Needs Improvement,0
C0369,B.Tech,1,0,1,1,0,1,0,0,0,0,1,2,2,4,Python Developer,51.97,Not Ready,1
C0370,BCA,0,0,1,0,0,1,1,1,1,1,1,0,0,1,Python Developer,35.84,Not Ready,0
C0371,M.Tech,2,1,1,0,0,1,1,0,1,1,1,5,2,3,Data Analyst,85.11,Ready,1
C0372,BCA,0,1,1,0,1,0,0,1,1,0,1,4,1,1,Python Developer,48.32,Not Ready,1
C0373,BCA,0,1,1,1,1,1,0,1,1,1,0,1,1,4,Data Scientist,64.76,Needs Improvement,0
C0374,B.Sc,0,1,0,1,1,0,0,1,0,0,0,4,1,3,Data Scientist,44.78,Not Ready,1
C0375,B.Tech,0,1,1,0,1,0,1,1,1,1,0,5,2,3,Data Analyst,70.43,Needs Improvement,1
C0376,MCA,1,1,1,1,0,0,1,0,1,0,1,1,1,2,Business Analyst,51.74,Not Ready,1
C0377,B.Sc,1,1,1,1,0,0,1,1,1,1,1,4,2,2,ML Engineer,72.19,Needs Improvement,1
C0378,B.E,0,1,1,1,1,0,0,1,0,0,1,0,1,1,Data Analyst,41.55,Not Ready,1
C0379,BCA,0,1,1,1,0,1,1,1,0,1,1,4,0,3,Data Analyst,71.15,Needs Improvement,1
C0380,M.Tech,1,0,1,0,1,1,0,0,1,1,0,5,1,2,Data Scientist,53.61,Not Ready,1
C0381,BCA,0,1,0,1,1,0,1,1,0,1,0,1,2,4,Business Analyst,61.86,Needs Improvement,1
C0382,M.Tech,0,1,1,1,1,1,1,1,0,1,1,4,2,0,Data Scientist,78.99,Ready,1
C0383,B.Sc,1,1,1,1,0,1,1,1,0,1,1,0,2,3,Business Analyst,62.42,Needs Improvement,1
C0384,B.Sc,0,0,1,1,1,1,1,1,0,1,1,5,0,2,Data Scientist,56.72,Needs Improvement,0
C0385,MCA,0,1,1,1,0,0,0,1,0,1,1,4,2,2,ML Engineer,61.51,Needs Improvement,1
C0386,B.E,1,1,0,1,1,1,0,1,0,0,1,4,1,1,Data Analyst,54.76,Not Ready,1
C0387,MCA,0,0,1,1,0,0,0,0,1,1,0,3,1,4,Data Analyst,55.34,Needs Improvement,0
C0388,B.Tech,0,1,0,0,1,1,1,1,1,0,1,2,1,1,Data Analyst,52.17,Not Ready,0
C0389,B.Tech,1,1,1,0,0,1,1,1,1,1,1,3,1,4,Python Developer,68.99,Needs Improvement,0
C0390,BCA,0,0,1,0,1,0,1,0,0,1,1,0,2,1,Business Analyst,34.26,Not Ready,0
C0391,BCA,0,0,1,0,1,1,1,1,1,1,1,4,1,2,Data Scientist,71.45,Needs Improvement,1
C0392,B.E,0,1,1,0,1,0,1,0,1,1,0,3,1,4,Python Developer,54.14,Not Ready,0
C0393,BCA,0,1,0,1,0,1,1,1,0,1,1,4,0,4,Python Developer,60.72,Needs Improvement,1
C0394,BCA,0,0,0,0,1,0,0,0,0,0,0,0,2,2,Data Analyst,25.28,Not Ready,0
C0395,M.Tech,0,0,0,1,1,0,0,1,0,0,1,1,0,3,Business Analyst,30.08,Not Ready,1
C0396,MCA,1,1,1,0,1,1,0,0,0,1,1,5,0,1,ML Engineer,55.27,Needs Improvement,0
C0397,MCA,0,1,0,1,1,1,1,0,0,1,1,3,1,0,Data Analyst,52.42,Not Ready,1
C0398,M.Tech,0,1,1,0,0,1,1,1,0,0,1,2,1,1,Python Developer,49.92,Not Ready,0
C0399,MCA,1,1,0,0,1,1,1,0,1,1,0,4,1,0,Python Developer,57.95,Needs Improvement,0
C0400,BCA,1,0,0,1,0,1,1,1,1,1,0,5,2,2,ML Engineer,66.9,Needs Improvement,1
C0401,B.Sc,0,1,1,1,1,1,1,1,1,1,0,3,1,3,ML Engineer,71.32,Needs Improvement,0
C0402,B.Sc,0,0,0,1,1,1,0,1,1,0,0,2,2,2,Data Scientist,46.64,Not Ready,0
C0403,B.Sc,0,1,0,1,1,1,1,0,1,1,0,4,1,3,ML Engineer,55.61,Needs Improvement,0
C0404,MCA,0,1,1,0,1,0,1,0,1,1,1,0,0,1,Data Analyst,42.29,Not Ready,0
C0405,M.Tech,1,1,1,1,1,0,1,0,1,0,1,3,2,2,Data Scientist,76.96,Ready,0
C0406,B.Tech,0,1,1,0,0,1,1,1,1,1,0,2,1,0,Business Analyst,45.08,Not Ready,0
C0407,B.Sc,0,0,1,1,0,1,1,0,1,0,1,4,0,2,Python Developer,46.13,Not Ready,0
C0408,B.Sc,1,0,0,0,1,0,0,1,1,0,0,1,1,2,Data Scientist,30.15,Not Ready,0
C0409,MCA,0,1,1,0,1,0,1,1,1,1,1,5,2,3,Python Developer,80.12,Ready,1
C0410,BCA,1,1,0,1,1,1,0,1,1,0,1,2,2,0,Data Scientist,61.74,Needs Improvement,0
C0411,B.Tech,0,1,1,1,1,0,1,0,0,1,0,3,0,4,ML Engineer,51.21,Not Ready,0
C0412,BCA,0,0,1,1,1,1,0,1,0,1,1,0,0,2,Business Analyst,38.91,Not Ready,0
C0413,BCA,1,1,0,0,0,1,1,0,1,1,1,3,1,3,Python Developer,59.96,Needs Improvement,1
C0414,MCA,1,1,0,0,0,1,0,1,0,1,1,1,2,3,Data Analyst,45.18,Not Ready,0
C0415,MCA,0,1,1,0,1,1,0,1,0,1,1,5,2,0,Data Analyst,64.22,Needs Improvement,0
C0416,B.Tech,0,1,1,1,1,1,1,0,1,0,0,1,0,0,ML Engineer,45.86,Not Ready,0
C0417,M.Tech,0,0,1,1,0,0,0,1,0,0,1,0,2,2,Data Scientist,30.74,Not Ready,0
C0418,M.Tech,0,1,1,1,0,0,1,1,0,1,0,2,1,0,Data Analyst,36.34,Not Ready,1
C0419,MCA,0,1,0,1,0,1,1,1,0,1,0,0,1,3,Data Scientist,53.4,Not Ready,1
C0420,MCA,0,1,0,0,0,1,1,1,0,1,1,5,0,3,Business Analyst,52.44,Not Ready,0
C0421,B.Sc,2,1,1,1,0,0,0,1,1,1,0,1,2,3,Python Developer,69.18,Needs Improvement,0
C0422,M.Tech,2,1,1,1,1,0,1,1,0,1,1,2,0,2,Business Analyst,64.23,Needs Improvement,1
C0423,BCA,0,0,0,0,0,1,1,0,1,0,0,1,2,4,ML Engineer,38.69,Not Ready,0
C0424,BCA,0,1,0,1,1,0,1,0,1,0,1,5,2,3,Python Developer,67.69,Needs Improvement,1
C0425,BCA,0,0,1,0,0,1,0,1,1,0,0,1,0,1,Business Analyst,23.08,Not Ready,1
C0426,M.Tech,0,0,1,0,0,1,1,1,1,0,1,3,2,1,Data Scientist,55.16,Needs Improvement,1
C0427,BCA,0,1,0,1,1,1,1,0,1,1,0,1,2,3,Python Developer,57.09,Needs Improvement,1
C0428,M.Tech,0,1,0,1,1,1,0,1,1,1,0,3,2,2,ML Engineer,55.9,Needs Improvement,1
C0429,M.Tech,0,1,1,1,0,0,0,0,1,1,0,2,1,3,Business Analyst,47.69,Not Ready,1
C0430,B.Sc,0,1,1,0,0,1,0,1,1,1,1,2,2,3,ML Engineer,60.68,Needs Improvement,1
C0431,B.Sc,0,1,0,1,1,1,0,1,1,0,1,2,2,0,Business Analyst,53.71,Not Ready,0
C0432,BCA,0,1,1,1,1,1,0,1,1,0,1,0,2,3,Data Scientist,55.45,Needs Improvement,1
C0433,M.Tech,0,1,0,1,0,1,1,0,1,1,1,0,2,3,ML Engineer,63.96,Needs Improvement,1
C0434,B.Tech,0,0,1,0,0,1,1,1,0,1,1,0,0,0,Business Analyst,37.38,Not Ready,0
C0435,B.Sc,0,0,0,1,1,1,0,1,0,0,1,5,2,4,Python Developer,67.32,Needs Improvement,1
C0436,M.Tech,1,1,0,0,1,1,1,0,1,0,1,1,1,1,Data Analyst,46.97,Not Ready,0
C0437,B.Tech,2,0,0,1,1,1,1,0,1,1,1,0,1,3,ML Engineer,52.35,Not Ready,1
C0438,B.Tech,0,1,1,1,1,1,1,0,0,0,1,2,2,2,ML Engineer,69.26,Needs Improvement,0
C0439,MCA,1,1,1,1,1,0,1,1,1,1,1,4,0,2,ML Engineer,71.19,Needs Improvement,1
C0440,B.E,1,0,1,0,0,1,1,0,1,1,1,0,2,1,Python Developer,46.76,Not Ready,1
C0441,B.Tech,1,1,0,1,0,0,1,0,1,1,1,5,1,3,Business Analyst,67.58,Needs Improvement,1
C0442,B.E,1,1,1,1,1,0,0,1,0,0,1,2,1,4,Data Scientist,64.84,Needs Improvement,1
C0443,B.E,2,1,0,1,1,1,1,0,1,0,1,2,2,3,Data Scientist,71.88,Needs Improvement,1
C0444,B.Tech,0,1,1,0,1,0,1,0,1,1,1,1,2,2,Data Analyst,62.89,Needs Improvement,0
C0445,M.Tech,0,1,1,1,1,1,1,1,1,1,0,1,2,0,Data Analyst,67.91,Needs Improvement,1
C0446,BCA,0,1,0,1,1,1,1,0,1,1,1,1,2,0,Python Developer,51.62,Not Ready,1
C0447,B.Sc,1,1,1,1,1,0,1,1,1,1,0,4,2,1,Data Analyst,70.13,Needs Improvement,1
C0448,B.Sc,1,1,1,1,1,1,1,1,0,1,1,0,1,2,ML Engineer,69.29,Needs Improvement,1
C0449,B.E,0,0,1,1,1,1,0,1,1,0,1,0,0,0,Business Analyst,24.94,Not Ready,0
C0450,M.Tech,0,1,0,1,1,0,1,1,1,0,1,4,1,4,Data Analyst,64.75,Needs Improvement,1
C0451,M.Tech,0,1,1,0,1,0,1,0,1,1,1,3,0,4,Python Developer,50.35,Not Ready,0
C0452,MCA,0,1,1,1,1,0,1,1,1,0,0,2,0,2,Business Analyst,47.12,Not Ready,1
C0453,B.Tech,1,0,0,0,1,1,1,1,1,1,1,1,1,2,Python Developer,55.01,Needs Improvement,0
C0454,M.Tech,1,1,0,0,1,0,1,1,1,1,1,2,1,4,Business Analyst,62.71,Needs Improvement,0
C0455,B.E,1,1,0,0,0,1,1,1,1,1,1,0,2,4,Data Analyst,60.74,Needs Improvement,1
C0456,B.E,0,1,1,1,1,0,1,1,1,1,1,1,1,3,Data Analyst,59.51,Needs Improvement,1
C0457,B.E,0,1,0,0,0,0,1,1,0,1,1,3,2,3,Python Developer,65.46,Needs Improvement,0
C0458,B.E,1,0,1,1,0,1,1,1,1,1,0,5,1,0,Data Analyst,72.84,Needs Improvement,1
C0459,B.Sc,1,0,1,0,1,1,1,0,1,0,1,5,1,1,Business Analyst,54.69,Not Ready,0
C0460,B.Tech,0,1,0,1,1,1,0,1,1,1,1,3,0,3,Data Analyst,68.41,Needs Improvement,1
C0461,B.Tech,0,0,0,0,0,1,0,1,1,1,1,5,0,4,Data Analyst,50.5,Not Ready,0
C0462,B.E,1,0,1,1,1,0,0,1,0,1,1,4,1,4,Business Analyst,65.65,Needs Improvement,1
C0463,B.E,0,1,1,1,1,1,1,1,1,1,1,1,1,0,Python Developer,62.68,Needs Improvement,0
C0464,B.Tech,0,0,1,1,0,1,1,0,1,1,1,3,0,1,Python Developer,46.7,Not Ready,0
C0465,MCA,1,1,0,1,0,1,1,1,0,1,1,0,2,3,Python Developer,65.92,Needs Improvement,0
C0466,MCA,0,1,1,1,1,1,0,0,0,1,0,3,2,4,Business Analyst,62.63,Needs Improvement,0
C0467,B.Tech,0,0,0,0,1,1,1,1,1,0,0,4,1,0,Business Analyst,42.12,Not Ready,0
C0468,BCA,1,1,0,1,1,1,1,1,1,1,1,1,1,1,Data Scientist,58.48,Needs Improvement,1
C0469,BCA,2,0,1,1,0,1,1,1,0,1,0,3,0,1,Data Analyst,50.03,Not Ready,0
C0470,B.E,0,0,1,0,1,1,1,0,0,1,1,4,2,0,ML Engineer,46.79,Not Ready,0
C0471,B.Sc,1,1,1,1,0,1,1,0,0,1,0,1,0,3,ML Engineer,48.56,Not Ready,0
C0472,B.Sc,0,1,0,0,0,1,0,1,1,0,0,1,2,3,Business Analyst,36.52,Not Ready,0
C0473,M.Tech,2,1,0,1,0,1,1,1,1,1,1,5,2,1,Data Scientist,80.17,Ready,1
C0474,B.E,0,1,0,0,0,1,0,0,0,1,1,5,1,4,Python Developer,58.85,Needs Improvement,1
C0475,MCA,0,1,1,1,1,1,1,0,1,1,0,3,2,4,ML Engineer,79.0,Ready,1
C0476,B.Tech,0,0,1,1,1,1,0,0,1,0,1,1,1,4,Data Scientist,50.84,Not Ready,1
C0477,B.Tech,1,1,0,1,1,0,0,1,0,1,1,3,2,4,Python Developer,66.56,Needs Improvement,1
C0478,BCA,0,1,1,1,1,1,1,1,1,0,0,5,1,0,ML Engineer,73.4,Needs Improvement,1
C0479,M.Tech,0,0,0,1,1,1,0,0,1,1,0,2,1,3,Data Analyst,48.6,Not Ready,0
C0480,B.Tech,1,1,0,1,1,0,0,1,0,0,0,5,1,0,Data Scientist,45.36,Not Ready,1
C0481,B.Sc,1,1,0,1,1,1,1,1,0,1,0,5,0,2,Data Analyst,56.37,Needs Improvement,1
C0482,B.E,0,1,1,0,0,1,0,1,0,1,0,2,0,4,ML Engineer,45.47,Not Ready,0
C0483,B.Sc,1,1,0,0,1,0,1,1,1,1,1,4,2,3,Data Analyst,77.15,Ready,1
C0484,BCA,0,1,0,1,0,1,1,1,0,1,1,0,2,2,Data Analyst,50.34,Not Ready,1
C0485,M.Tech,0,1,1,1,1,1,0,0,1,1,1,2,1,1,Business Analyst,58.96,Needs Improvement,1
C0486,B.E,0,1,1,1,0,1,0,1,1,1,1,3,2,4,Python Developer,71.18,Needs Improvement,1
C0487,B.E,0,0,1,1,0,0,0,1,1,0,1,4,1,4,Data Scientist,53.58,Not Ready,0
C0488,M.Tech,0,1,0,1,1,0,0,1,1,1,1,3,1,4,Business Analyst,50.06,Not Ready,0
C0489,B.E,1,0,1,0,0,0,1,0,1,1,1,2,1,1,Data Analyst,44.89,Not Ready,0
C0490,M.Tech,0,0,1,0,1,1,0,1,1,1,1,0,0,1,Business Analyst,45.85,Not Ready,1
C0491,B.Sc,0,1,0,1,1,1,0,1,1,1,0,4,1,1,Business Analyst,54.84,Not Ready,0
C0492,B.Sc,0,1,0,1,0,1,1,1,1,1,0,5,1,4,ML Engineer,68.76,Needs Improvement,1
C0493,B.Sc,1,1,1,0,1,1,1,0,1,0,1,4,2,4,Python Developer,71.72,Needs Improvement,1
C0494,B.E,0,1,0,0,0,1,0,1,1,1,1,3,0,4,Business Analyst,53.8,Not Ready,1
C0495,M.Tech,2,1,0,1,0,1,0,0,1,1,1,1,0,4,Data Analyst,54.92,Not Ready,1
C0496,BCA,0,0,0,0,1,1,1,1,1,0,1,1,0,1,Business Analyst,33.8,Not Ready,1
C0497,B.Tech,0,0,1,0,1,1,1,1,1,1,1,3,1,2,ML Engineer,69.66,Needs Improvement,1
C0498,M.Tech,0,1,1,0,0,1,1,1,1,1,0,1,0,4,Data Analyst,56.14,Needs Improvement,0
C0499,B.Sc,0,1,1,0,1,0,0,1,1,1,0,1,2,1,Data Scientist,45.48,Not Ready,1
C0500,B.E,1,1,1,1,1,0,0,1,1,1,1,0,2,0,Python Developer,61.49,Needs Improvement,1
